{"display":"MIRAI.773421.001","product":"mirai","device":"mirai","board":"mirai","model":"mirai","finger_print":"mamoe/mirai/mirai:10/MIRAI.200122.001/6526570:user/release-keys","boot_id":"e6564332-354f-c1cd-a636-fe51531228b2","proc_version":"Linux version 3.0.31-AuSHyGZB (android-build@xxx.xxx.xxx.xxx.com)","protocol":0,"imei":"648151660772296","brand":"mamoe","bootloader":"unknown","base_band":"","version":{"incremental":"5891938","release":"10","codename":"REL","sdk":29},"sim_info":"T-Mobile","os_type":"android","mac_address":"00:50:56:C0:00:08","ip_address":[10,0,1,3],"wifi_bssid":"00:50:56:C0:00:08","wifi_ssid":"\u003cunknown ssid\u003e","imsi_md5":"a9b028a7850096729b4d58d1c31273a6","android_id":"162cb73795f5edf4","apn":"wifi","vendor_name":"MIUI","vendor_os_name":"mirai"}