{
	"名称": "切换",
	"描述": "带有参数的切换",
	"是否禁用": true,
	"版本": "0.0.1",
	"来源": "Built-In",
	"配置": {
		"按顺序匹配以下切换逻辑并执行第一个成功项": [
			{
				"参数匹配时触发": "",
				"参数符合正则表达式时触发": "",
				"备注": "当玩家已经有夜视时清除夜视",
				"总是触发": false,
				"触发指令": [
					"effect [player] night_vision 0 0 true",
					"tag [player] remove 夜视开",
					"/tellraw [player] {\"rawtext\":[{\"text\":\"夜视已经关闭 ，你输入的参数为 [args]\"}]}"
				],
				"这条指令执行成功时触发": "testfor @a[name=[player],tag=夜视开]"
			},
			{
				"参数匹配时触发": "",
				"参数符合正则表达式时触发": "1000|\\d|[1-9]\\d|[1-9]\\d\\d",
				"备注": "当玩家要求的夜视时间不超过 1000 时给玩家夜视",
				"总是触发": false,
				"触发指令": [
					"effect [player] night_vision [args] 1 true",
					"tag [player] add 夜视开",
					"/tellraw [player] {\"rawtext\":[{\"text\":\"夜视打开 [args] 秒 ，你输入的参数为 [args]\"}]}"
				],
				"这条指令执行成功时触发": ""
			},
			{
				"参数匹配时触发": "",
				"参数符合正则表达式时触发": "",
				"备注": "当玩家太贪心时(夜视时间超过 1000 时)提示玩家",
				"总是触发": true,
				"触发指令": [
					"/tellraw [player] {\"rawtext\":[{\"text\":\"你太贪心了，你只能选择 0~1000 秒的夜视，你输入的时长为 [args] 秒\"}]}"
				],
				"这条指令执行成功时触发": ""
			}
		],
		"提示信息": "切换夜视",
		"没有给出参数时的默认参数": " 60",
		"若需要参数则参数提示为": "[时间]",
		"触发词": [
			"切换夜视"
		]
	}
}
