{
	"名称": "排行榜",
	"描述": "显示在线时间排行榜",
	"是否禁用": true,
	"版本": "0.0.1",
	"来源": "Built-In",
	"配置": {
		"刷新周期": 10,
		"升序": true,
		"排名记录文件": "在线时间排行榜记录.json",
		"提示信息": "显示在线时间排行榜",
		"最多保存多少记录在文件中": 50,
		"渲染选项": {
			"开头": "§6§l========================= 在线时间排行榜 ==========================",
			"当查询者没有相关分数时显示": "没有查询到你的分数",
			"最大显示的人数": 10,
			"查询者渲染样式": "§l§e第[i]名: 玩家[player] 得分[score]",
			"清除计分板指令": "scoreboard players reset * 时间显示",
			"渲染计分板": true,
			"特定排名渲染样式": {
				"1": "§6~~~ 第1名 玩家[player] 得分[score] ~~~",
				"2": "§6 ~~ 第2名 玩家[player] 得分[score] ~~",
				"3": "§b  ~ 第3名 玩家[player] 得分[score] ~"
			},
			"结尾": "§6§l=============================== End ===============================",
			"计分板渲染指令": "scoreboard players set [player] 时间显示 [score]",
			"隔断": "§l============================ 你的排行 =============================",
			"默认渲染样式": "    §b第[i]名: 玩家[player] §r得分[score]"
		},
		"触发词": [
			"在线时间排行榜"
		],
		"计分板名": "time"
	}
}
