{
	"名称": "玩家自杀",
	"描述": "玩家自杀并返回重生点",
	"是否禁用": true,
	"版本": "0.0.1",
	"来源": "Built-In",
	"配置": {
		"创造玩家重生后执行的指令": [
			"gamemode c [player]",
			"/tellraw [player] {\"rawtext\":[{\"text\":\"§6§l你已重生，模式已恢复\"}]}"
		],
		"提示信息": "返回重生点",
		"触发词": [
			"kill",
			"重生"
		],
		"非创造玩家重生后执行的指令": [
			"gamemode s [player]",
			"/tellraw [player] {\"rawtext\":[{\"text\":\"§6§l你已重生，模式变更为生存\"}]}"
		]
	}
}
