{
	"名称": "高频红石检查",
	"描述": "清除刷新过快的红石相关组件",
	"是否禁用": true,
	"版本": "0.0.1",
	"来源": "Built-In",
	"配置": {
		"10s内最多允许的变化次数": 10,
		"刷新过快的反制": [
			{
				"备注": "记录附件玩家位置",
				"指令": "execute @a[x=[x],y=[y],z=[z],r=128] ~~~ tp @s ~~~",
				"结果记录": "完整结果",
				"身份": "Player"
			},
			{
				"备注": "清除方块",
				"指令": "setblock [x] [y] [z] glass",
				"结果记录": "完整结果"
			}
		],
		"方块名里包含这些关键词时即检查": [
			"redstone",
			"observer",
			"piston",
			"repeater"
		]
	}
}
