{
	"名称": "设置重生点",
	"描述": "允许玩家设置重生点",
	"是否禁用": true,
	"版本": "0.0.1",
	"来源": "Built-In",
	"配置": {
		"出现未知错误时的提示": "§4§l重生点设置失败,可能是离原有重生点太近",
		"触发词": [
			"重生点",
			"setsp"
		],
		"设置失败时的提示": "§4§l重生点设置失败,冒险模式下不可设置重生点",
		"设置成功时的提示": "§6§l重生点已成功设置",
		"设置方式": "execute @a[name=[player],m=!a] ~~~ spawnpoint @s ~~~"
	}
}
