{
	"名称": "计划任务",
	"描述": "在现实时间的凌晨刷新计分板",
	"是否禁用": true,
	"版本": "0.0.1",
	"来源": "Built-In",
	"配置": {
		"任务": "刷新一个名为 OMEGA签到 的计分板",
		"动作": [
			{
				"指令": "scoreboard players reset * OMEGA签到"
			},
			"say 前往 omega_storage/配置/组件-计划任务.json 配置"
		],
		"周期": 86400,
		"第一次启动的现实时间": "[year]-[month]-[day] 00:00:00",
		"结果记录文件": "签到计分板刷新"
	}
}
