{
	"名称": "玩家留言",
	"描述": "允许玩家互相间留言",
	"是否禁用": true,
	"版本": "0.0.1",
	"来源": "Built-In",
	"配置": {
		"提示信息": "给某个玩家留言，将在上线时转达留言 前往 omega_storage/配置/组件-玩家留言.json",
		"日志文件": "留言.log",
		"没有指定玩家时提示": "打算给谁留言呢? 请输入喔:",
		"没有输入信息时提示": "打算留言什么呢? 请输入喔:",
		"留言成功时提示": "/tellraw [src_player] {\"rawtext\":[{\"text\":\"§6§l你的留言[msg],已收到,将在[dst_player]上线时传达\"}]}",
		"留言记录文件": "留言.json",
		"登录时延迟发送": 15,
		"触发词": [
			"留言",
			"memo"
		]
	}
}
