{
	"名称": "快递系统",
	"描述": "允许一个玩家给另一个玩家寄出物资",
	"是否禁用": true,
	"版本": "0.0.1",
	"来源": "Built-In",
	"配置": {
		"寄出成功时提示": "[package] 将在 [player] 上线时给他",
		"打包平台": [
			10000,
			240,
			10000
		],
		"提示信息": "给其他人寄东西",
		"提示玩家把要投递的东西丢到身边": "把要寄出的物品丢在身边3格内，完成后在聊天栏输入物品名",
		"物品转移器": "execute [player] ~~~ tp @e[type=item,r=3] 10000 240 10000",
		"登录时延迟发送": 15,
		"触发词": [
			"快递",
			"寄送"
		],
		"记录文件": "快递.json"
	}
}
