{
	"名称": "32k方块检测",
	"描述": "检测机器人附件 320x320x256 格内是否有超过 32k物品附魔等级阈值 的方块存在，存在则进行 32k容器反制",
	"是否禁用": true,
	"版本": "0.0.1",
	"来源": "Built-In",
	"配置": {
		"32k容器反制": [
			{
				"备注": "记录附件玩家位置",
				"指令": "execute @a[x=[x],y=[y],z=[z],r=128] ~~~ tp @s ~~~",
				"结果记录": "完整结果",
				"身份": "Player"
			},
			{
				"备注": "清除容器",
				"指令": "setblock [x] [y] [z] bedrock",
				"结果记录": "完整结果"
			}
		],
		"32k物品附魔等级阈值": 11,
		"使用以下正则表达式检查": [
			{
				"使用正则表达式匹配标签值": "MovingBlock",
				"匹配方块名": ".*",
				"匹配标签值成功时true为放行false为作弊": false,
				"匹配标签名": "id",
				"启用": false,
				"检测说明": "movingblock检测(可能误封)",
				"调试模式": false,
				"附加指令": [
					"fill [x-1] [y-1] [z-1] [x+1] [y+1] [z+1] bedrock"
				]
			},
			{
				"使用正则表达式匹配标签值": "44",
				"匹配方块名": ".*",
				"匹配标签值成功时true为放行false为作弊": false,
				"匹配标签名": "Damage",
				"启用": false,
				"检测说明": "锐箭检测(可能误封)",
				"调试模式": false
			}
		],
		"启用32容器检测": true
	}
}
