{
	"名称": "计划任务",
	"描述": "每隔 [周期] 秒，就自动执行一次 [动作] 描述的指令",
	"是否禁用": true,
	"版本": "0.0.1",
	"来源": "Built-In",
	"配置": {
		"任务": "Omega 系统暂时还没做好移动记录，这个可以暂时替代一下,注意，坐标指令必须以玩家身份发出才有效",
		"动作": [
			{
				"备注": "Omega 系统暂时还没做好移动记录，这个可以暂时替代一下",
				"指令": "execute @a ~~~ tp @s ~~~",
				"结果记录": "完整结果",
				"身份": "Player"
			},
			"say 前往 omega_storage/配置/组件-计划任务.json 配置"
		],
		"周期": 300,
		"结果记录文件": "玩家位置"
	}
}
