{
	"名称": "入服欢迎",
	"描述": "在玩家登录服务器时发送特定指令",
	"是否禁用": true,
	"版本": "0.0.1",
	"来源": "Built-In",
	"配置": {
		"登出时发送指令": [
			"/tellraw @a {\"rawtext\":[{\"text\":\"§a§lBye~ @[target_player]\"}]}"
		],
		"登录时发送指令": [
			"/tellraw @a {\"rawtext\":[{\"text\":\"§6§l@[target_player] 欢迎回来\"}]}",
			"/tellraw [target_player]  {\"rawtext\":[{\"text\":\"§6§l试试在聊天栏输入 omg\"}]}"
		],
		"登录时延迟发送": 10
	}
}
