{
	"名称": "发言频率限制",
	"描述": "限制发言频率",
	"是否禁用": true,
	"版本": "0.0.1",
	"来源": "Built-In",
	"配置": {
		"发言检测周期(秒)": 10,
		"发言过快反制": [
			"/tellraw @a {\"rawtext\":[{\"text\":\"[player]因为刷屏，被踢出\"}]}",
			"say 前往 omega_storage/配置/组件-发言频率限制.json 配置",
			{
				"指令": "kick [player]",
				"结果记录": "完整结果"
			}
		],
		"周期内字数限制": 100,
		"周期内条数限制": 6
	}
}
