{
	"名称": "手持32k检测",
	"描述": "检测 机器人附近 320x320 内的玩家是否手持 超过 等级阈值 的物品",
	"是否禁用": true,
	"版本": "0.0.1",
	"来源": "Built-In",
	"配置": {
		"32k手持物品反制": [
			"say 前往 omega_storage/配置/组件-手持32k检测.json 配置",
			{
				"备注": "记录所在位置",
				"指令": "execute [player] ~~~ tp @s ~~~",
				"结果记录": "完整结果",
				"身份": "Player"
			},
			"tag [player] add has32k",
			{
				"备注": "清包",
				"执行后延迟": 3,
				"指令": "clear [player]"
			},
			{
				"备注": "通告",
				"指令": "/tellraw @a {\"rawtext\":[{\"text\":\"[player] 持有(附魔等级>100)的物品，踢出\"}]}"
			},
			{
				"备注": "踢人",
				"指令": "kick [player] 持有(附魔等级>11)的物品，踢出",
				"结果记录": "完整结果"
			}
		],
		"32k手持物品附魔等级阈值": 11,
		"使用以下正则表达式检查": [
			{
				"使用正则表达式匹配标签值": "minecraft:axolotl|minecraft:pufferfish|minecraft:tropicalfish|minecraft:salmon|minecraft:cod|minecraft:bee",
				"使用正则表达式匹配物品名": "",
				"匹配标签值成功时true为放行false为作弊": true,
				"匹配标签名": "definitions",
				"启用": false,
				"检测说明": "鱼桶检测(可能误封)(感谢感人老师)",
				"调试模式": false
			},
			{
				"使用正则表达式匹配标签值": "",
				"使用正则表达式匹配物品名": "movingblock",
				"匹配标签值成功时true为放行false为作弊": false,
				"匹配标签名": "",
				"启用": false,
				"检测说明": "movingblock检测(可能误封)",
				"调试模式": false
			},
			{
				"使用正则表达式匹配标签值": "^((2[1-9])|([2-9]\\d)|([1-9]\\d{2,}))$",
				"使用正则表达式匹配物品名": "firework",
				"匹配标签值成功时true为放行false为作弊": false,
				"匹配标签名": "Flight",
				"启用": false,
				"检测说明": "飞行过久的烟花检测(大于等于20)",
				"调试模式": false
			},
			{
				"使用正则表达式匹配标签值": "44",
				"使用正则表达式匹配物品名": ".*",
				"匹配标签值成功时true为放行false为作弊": false,
				"匹配标签名": "Damage",
				"启用": false,
				"检测说明": "锐箭检测(可能误封)",
				"调试模式": false
			},
			{
				"使用正则表达式匹配标签值": "2",
				"使用正则表达式匹配物品名": ".*piston",
				"匹配标签值成功时true为放行false为作弊": false,
				"匹配标签名": "NewState",
				"启用": false,
				"检测说明": "异常活塞检测(可能误封)",
				"调试模式": false
			}
		],
		"启用32k手持物品检测": true,
		"启用随机巡逻": true,
		"随机巡逻(秒)": 120
	}
}
