{
	"名称": "自助建筑备份",
	"描述": "允许玩家自助备份建筑",
	"是否禁用": true,
	"版本": "0.0.1",
	"来源": "Built-In",
	"配置": {
		"备份触发词": [
			"备份"
		],
		"存档点记录文件名": "建筑备份记录.json",
		"建筑备份长宽": 62,
		"建筑备份高度": 62,
		"建筑恢复管理员": [
			"2401PT",
			"2402PT"
		],
		"恢复触发词": [
			"恢复"
		],
		"最大备份数量": 3,
		"请求冷却时间": 600,
		"选择器": "@a[name=[player],tag=!禁止备份,tag=!区域禁止备份]"
	}
}
