{
	"名称": "计分板UID追踪",
	"描述": "记录玩家uid(记分板),记录到文件，当 是否让Omega完成uid分配 设为 true 时将按给定指令分配uid",
	"是否禁用": true,
	"版本": "0.0.1",
	"来源": "Built-In",
	"配置": {
		"为某玩家分配uid前的准备工作": [
			"/tellraw @a[m=c] {\"rawtext\":[{\"text\":\"将为 [player] 分配 玩家编号 [uid+1]\"}]}",
			"/tellraw [player] {\"rawtext\":[{\"text\":\"将为你分配 玩家编号 [uid+1]\"}]}"
		],
		"为某玩家分配uid的后续工作": [
			"/tellraw @a[m=c] {\"rawtext\":[{\"text\":\"已经为 [player] 分配 玩家编号 [uid+1]\"}]}",
			"/tellraw [player] {\"rawtext\":[{\"text\":\"已经为你分配 玩家编号 [uid+1]\"}]}",
			{
				"指令": "scoreboard players set 注册玩家数 玩家编号 [uid+1]",
				"结果记录": "完整结果"
			}
		],
		"是否让Omega完成uid分配": false,
		"玩家上线的延迟时间": 15,
		"获取某玩家的uid的指令": "scoreboard players add [player] 玩家编号 0",
		"让Omega分配uid时为某玩家分配uid的指令": "scoreboard players set [player] 玩家编号 [uid+1]",
		"让Omega分配uid时获取最后一个被分配的uid的指令": "scoreboard players add 注册玩家数 玩家编号 0",
		"记录文件": "uid记录.json"
	}
}
