{
	"名称": "兑换码",
	"描述": "允许玩家兑换兑换码对应的指令",
	"是否禁用": true,
	"版本": "0.0.1",
	"来源": "Built-In",
	"配置": {
		"不可重复兑换时提示": "你已经领取过了，不能重复领取",
		"兑换码": {
			"0001": {
				"可重复领取": true,
				"可领取次数": 0,
				"指令": [
					"tell [player] 这个神秘代码可以帮你退出游戏",
					"kick [player] 这个神秘代码可以帮你退出游戏，你是第[current]个领取的"
				]
			},
			"lovefrom240": {
				"可重复领取": true,
				"可领取次数": 3,
				"指令": [
					"give [player] glass",
					"tell [player] 240的爱是有限的，已领取 [current]/[total] 还剩 [res]"
				]
			},
			"lovefrom2401": {
				"可重复领取": true,
				"可领取次数": 0,
				"指令": [
					"give [player] stained_glass",
					"tell [player] 2401的爱是无限的，已领取 [current]/[total] 还剩 [res]"
				]
			},
			"新手物资": {
				"可重复领取": false,
				"可领取次数": 0,
				"指令": [
					"give [player] stone 1",
					"give [player] grass 1"
				]
			}
		},
		"兑换码无效时提示": "兑换码无效",
		"兑换码领取记录文件": "兑换码领取记录.json",
		"菜单提示": "兑换物资",
		"触发词": [
			"兑换",
			"cdkey"
		],
		"领取次数到达上限时提示": "该物资已被领完"
	}
}
