{
	"名称": "玩家转账",
	"描述": "玩家间转账",
	"是否禁用": true,
	"版本": "0.0.1",
	"来源": "Built-In",
	"配置": {
		"可转账货币": [
			{
				"记分板名": "coin2",
				"货币名": "银币"
			},
			{
				"记分板名": "coin3",
				"货币名": "铜币"
			},
			{
				"记分板名": "time",
				"货币名": "时间"
			}
		],
		"提示信息": "给目标玩家转账，可以被转账的货币包括  前往 omega_storage/配置/组件-玩家转账.json 配置",
		"触发词": [
			"转账"
		],
		"默认货币": {
			"记分板名": "coin",
			"货币名": "金币"
		}
	}
}
