{
	"名称": "商店",
	"描述": "允许玩家购买 配置 描述的物品",
	"是否禁用": true,
	"版本": "0.0.1",
	"来源": "Built-In",
	"配置": {
		"一次只能购买一个时的展示模版": "[i]: §6§l[name] §f§r[price][currency_name]一个",
		"商品清单文件": {
			"其他": {
				"商品": [
					{
						"一次只能买一件": true,
						"价格": 1000,
						"商品显示名": "^_^",
						"给予模版": [
							"/tellraw @a {\"rawtext\":[{\"text\":\"240 爱你喔\"}]}"
						]
					}
				],
				"货币显示名": "在线时间",
				"货币记分板指令名": "time"
			},
			"前往 omega_storage/配置/组件-商店.json 配置": {
				"商品": [],
				"货币显示名": "金币",
				"货币记分板指令名": "coin"
			},
			"物品": {
				"商品": [
					{
						"价格": 3,
						"商品显示名": "苹果",
						"给予模版": [
							"give [player] apple [count][currency]",
							"/tellraw [player] {\"rawtext\":[{\"text\":\"2401PT: 苹果是你的了, 共计[totalPrice], 你的钱[moneyHas]->[moneyLeft][currency]([currencyCMD])\"}]}"
						]
					},
					{
						"价格": 1,
						"商品显示名": "石头",
						"给予模版": [
							"give [player] stone [count]"
						]
					}
				],
				"货币显示名": "金币",
				"货币记分板指令名": "coin"
			},
			"生物": {
				"商品": [
					{
						"一次只能买一件": true,
						"价格": 100,
						"商品显示名": "猫",
						"给予模版": [
							"execute [player] ~~~ summon cat ~~~",
							"/tellraw [player] {\"rawtext\":[{\"text\":\"2401PT: @[player], 要善待小猫喔\"}]}"
						]
					},
					{
						"一次只能买一件": true,
						"价格": 100,
						"商品显示名": "苦力怕",
						"给予模版": [
							"execute [player] ~~~ summon creeper ~~~",
							"/tellraw @a {\"rawtext\":[{\"text\":\"2401PT: wow, 你还好吗[player]?\"}]}"
						]
					}
				],
				"货币显示名": "金币",
				"货币记分板指令名": "coin"
			}
		},
		"展示模版": "[i]: §6§l[name] §f§r售价:[price][currency_name]",
		"触发词": [
			"购买",
			"买",
			"shop",
			"buy"
		]
	}
}
