{
	"名称": "物品回收",
	"描述": "允许玩家回收配置指定的物品",
	"是否禁用": true,
	"版本": "0.0.1",
	"来源": "Built-In",
	"配置": {
		"回收清单文件": [
			{
				"价格": 10,
				"收益指令": [
					"scoreboard players add [player] coin [totalPrice]",
					"/tellraw [player] {\"rawtext\":[{\"text\":\"2401PT: 实际回收了 [realCount] 个羊毛, 共计 [totalPrice] 金币, 现在最多还能回收 [leftCount] 个羊毛\"}]}"
				],
				"每天最多回收": 100,
				"清除模版": "clear [player] wool -1 [count]",
				"货币名": "金币",
				"选项名": "羊毛",
				"附加说明": "前往 omega_storage/配置/组件-物品回收.json 配置"
			},
			{
				"价格": 10,
				"收益指令": [
					"scoreboard players add [player] coin [totalPrice]",
					"/tellraw [player] {\"rawtext\":[{\"text\":\"2401PT: 实际回收了 [realCount] 个羊毛, 共计 [totalPrice] 金币, 现在最多还能回收 [leftCount] 个羊毛\"}]}"
				],
				"每天最多回收": 100,
				"清除模版": "clear [player] wool -1 [count]",
				"货币名": "金币",
				"选项名": "羊毛",
				"附加说明": "什么颜色的都可"
			},
			{
				"价格": 10,
				"收益指令": [
					"scoreboard players add [player] coin [totalPrice]",
					"/tellraw [player] {\"rawtext\":[{\"text\":\"2401PT: 实际回收了 [realCount] 个玻璃, 共计 [totalPrice] 金币\"}]}"
				],
				"每天最多回收": 0,
				"清除模版": "clear [player] glass -1 [count]",
				"货币名": "金币",
				"选项名": "glass",
				"附加说明": "玻璃，每天最多回收设为0时数量无限制"
			},
			{
				"价格": 1,
				"收益指令": [
					"give [player] gold_nugget [totalPrice]",
					"/tellraw [player] {\"rawtext\":[{\"text\":\"2401PT: 实际回收了 [realCount] 本书, 所以给你 [totalPrice] 金币,书中自有黄金屋，祝你玩的愉快～\"}]}"
				],
				"每天最多回收": 240,
				"清除模版": "clear [player] book -1 [count]",
				"货币名": "金锭",
				"选项名": "书",
				"附加说明": "书中自有黄金屋"
			}
		],
		"展示模版": "[i]: §6§l[name] §f[description] §f§r回收价:[price][currency_name], 现在最多还能回收 [maxRecycle]",
		"最后回收记录文件": "最后回收.json",
		"触发词": [
			"回收",
			"recycle"
		]
	}
}
