{
	"名称": "玩家商店",
	"描述": "允许玩家卖出和买入物品",
	"是否禁用": true,
	"版本": "0.0.1",
	"来源": "Built-In",
	"配置": {
		"可选择的货币": [
			{
				"记分板名": "银",
				"货币名": "银币"
			},
			{
				"记分板名": "铜",
				"货币名": "铜币"
			}
		],
		"售卖指导指令1": [
			"/tellraw [player] {\"rawtext\":[{\"text\":\"§6首先输入要出售的物品名\"}]}"
		],
		"售卖指导指令2": [
			"/tellraw [player] {\"rawtext\":[{\"text\":\"§6然后，输入物品的价格(如 100 金币/银币)\"}]}"
		],
		"售卖指导指令3": [
			"/tellraw [player] {\"rawtext\":[{\"text\":\"§6把要买的东西丢在周围三格，完成后在聊天栏里输入任意信息\"}]}"
		],
		"售卖提示信息": "卖出自己的东西",
		"售卖条件选择器": "@a[name=[player],scores={coin=100..}]",
		"售卖触发词": [
			"卖东西"
		],
		"成功售出时的加钱指令": [
			"/tellraw [出售者] {\"rawtext\":[{\"text\":\"§6[购买者] 购买了你的商品 [商品]\"}]}",
			"/tellraw [出售者] {\"rawtext\":[{\"text\":\"§6从售价 [价格] 中除去所得税 [所得税], 你实际获得 [实际收益] [货币名]\"}]}",
			"scoreboard players add [出售者] [货币计分板名] [实际收益]"
		],
		"所得税": 0.3,
		"打包平台": [
			0,
			145,
			0
		],
		"打开售卖菜单前执行的指令": [
			"/tellraw [player] {\"rawtext\":[{\"text\":\"§6售卖东西需要缴纳一部分费用\"}]}",
			"/tellraw [player] {\"rawtext\":[{\"text\":\"§6正在检查你是否有足够的余额\"}]}"
		],
		"放入玩家商店时的指令": [
			"/tellraw [player] {\"rawtext\":[{\"text\":\"§6你的物品 [商品] 将被放入玩家商店\"}]}",
			"/tellraw [player] {\"rawtext\":[{\"text\":\"§b商品价格为 [价格][货币名]([货币计分板名]), 去除 30% 的所得税 ([所得税][货币名]), 在售出时，总计获得 [实际收益][货币名]\"}]}",
			"/tellraw [player] {\"rawtext\":[{\"text\":\"§6此外，我们现在将收取 100 金币 作为手续费\"}]}",
			"scoreboard players remove [player] coin 100"
		],
		"数据文件": "玩家商店.json",
		"每页最多显示商品数": 15,
		"没有售卖权限时执行的指令": [
			"/tellraw [player] {\"rawtext\":[{\"text\":\"§6很遗憾，你的余额不够\"}]}",
			"/tellraw [player] {\"rawtext\":[{\"text\":\"§6至少需要 100 金币才能卖东西\"}]}"
		],
		"物品清单开头": "§b§l==============================有这些商品在售===============================",
		"物品清单结尾提示": "§b§l==============================商品清单到此为止=============================",
		"物品渲染格式": "[I]: §l§6[商品] §f§r出售者: [出售者] 总价:[价格][货币名]/[货币计分板名]",
		"物品转移器": "execute [player] ~~~ tp @e[type=item,r=3] 0 145 0",
		"登录时延迟发送": 20,
		"结构方块前导名": "OMEs",
		"购买提示信息": "从玩家商店购买东西",
		"购买触发词": [
			"玩家商店"
		],
		"还有下一页时末尾": "§b§l=============================还有商品在下一页==============================",
		"默认货币": {
			"记分板名": "coin",
			"货币名": "金币"
		}
	}
}
