{
	"名称": "切换",
	"描述": "切换模式生存->冒险",
	"是否禁用": true,
	"版本": "0.0.1",
	"来源": "Built-In",
	"配置": {
		"按顺序匹配以下切换逻辑并执行第一个成功项": [
			{
				"参数匹配时触发": "",
				"参数符合正则表达式时触发": "",
				"备注": "当玩家为生存时切换为冒险，可用的替换为 [player] 和 [args]",
				"总是触发": false,
				"触发指令": [
					"gamemode a [player]",
					"tag [player] add 冒险",
					"tag [player] remove 生存",
					"/tellraw [player] {\"rawtext\":[{\"text\":\"你已切换为冒险模式，并被添加 tag，你输入的参数为 [args]\"}]}"
				],
				"这条指令执行成功时触发": "testfor @a[name=[player],m=s]"
			},
			{
				"参数匹配时触发": "",
				"参数符合正则表达式时触发": "",
				"备注": "当玩家为冒险时切换为生存，可用的替换为 [player] 和 [args]",
				"总是触发": false,
				"触发指令": [
					"gamemode s [player]",
					"tag [player] add 生存",
					"tag [player] remove 冒险",
					"/tellraw [player] {\"rawtext\":[{\"text\":\"你已切换为生存模式，并被添加 tag，你输入的参数为 [args]\"}]}"
				],
				"这条指令执行成功时触发": "testfor @a[name=[player],m=a]"
			},
			{
				"参数匹配时触发": "",
				"参数符合正则表达式时触发": "",
				"备注": "当玩家为不为生存或冒险模式时切换为生存",
				"总是触发": true,
				"触发指令": [
					"gamemode s [player]",
					"tag [player] add 生存",
					"tag [player] remove 冒险",
					"/tellraw [player] {\"rawtext\":[{\"text\":\"你已切换为生存模式，并被添加 tag，你输入的参数为 [args]\"}]}"
				],
				"这条指令执行成功时触发": ""
			}
		],
		"提示信息": "切换模式",
		"没有给出参数时的默认参数": "",
		"若需要参数则参数提示为": "",
		"触发词": [
			"切换模式"
		]
	}
}
