{
	"名称": "每日签到",
	"描述": "提供签到功能按现实时间计算",
	"是否禁用": true,
	"版本": "0.0.1",
	"来源": "Built-In",
	"配置": {
		"为true只匹配第一个符合的签到规则false则使用所有匹配的签到规则": false,
		"为true时被动签到false时主动签到": false,
		"当玩家一天内重复签到时提示": "达咩，不可以重复签到",
		"提醒玩家签到的消息": "@[player] 今日还未签到，记得签到喔",
		"玩家登录延迟": 20,
		"玩家签到信息记录文件": "签到记录.json",
		"签到时间偏移": "3h",
		"签到规则": [
			{
				"当符合上述所有不为零的规则时执的奖励指令": [
					"/tellraw [player] {\"rawtext\":[{\"text\":\"§a§l今天是你在本服务器第一天签到 ~\"}]}",
					"give [player] diamond 1"
				],
				"当累计签到天数为_时": 1,
				"规则描述": "第一天签到"
			},
			{
				"当符合上述所有不为零的规则时执的奖励指令": [
					"/tellraw [player] {\"rawtext\":[{\"text\":\"§a§l今天是你在本服务器第二天签到 ~\"}]}",
					"/tellraw [player] {\"rawtext\":[{\"text\":\"§a§l感谢你的支持 ~\"}]}",
					"give [player] stone 1"
				],
				"当累计签到天数为_时": 2,
				"规则描述": "第二天签到"
			},
			{
				"当符合上述所有不为零的规则时执的奖励指令": [
					"/tellraw [player] {\"rawtext\":[{\"text\":\"§a§l今天是你在本服务器第 [累计签到] 天签到 (连续第 [连续签到] 天) ~\"}]}",
					"/tellraw [player] {\"rawtext\":[{\"text\":\"§a§l感谢你的支持 ~\"}]}",
					"give [player]  grass [累计签到]"
				],
				"当累计签到天数大于等于_时": 3,
				"当累计签到天数小于等于_时": 29,
				"规则描述": "累计签到大于等于三天且小于三十天时"
			},
			{
				"当今天是周_时": 7,
				"当符合上述所有不为零的规则时执的奖励指令": [
					"/tellraw [player] {\"rawtext\":[{\"text\":\"§a§l今天是你在本服务器第 [累计签到] 天签到 (连续第 [连续签到] 天) ~\"}]}",
					"/tellraw [player] {\"rawtext\":[{\"text\":\"§a§l这个奖励只会在周末发放，感谢你的支持 ~\"}]}",
					"give [player]  diamond [累计签到]"
				],
				"当累计签到天数大于等于_时": 30,
				"规则描述": "累计签到大于等于三十天时且为周日时"
			},
			{
				"当符合上述所有不为零的规则时执的奖励指令": [
					"/tellraw [player] {\"rawtext\":[{\"text\":\"§a§l今天是你在本服务器连续第 [连续签到] 天签到 (累计第 [累计签到] 天) ~\"}]}"
				],
				"当连续签到天数为_时": 2,
				"规则描述": "连续两天签到时"
			},
			{
				"当符合上述所有不为零的规则时执的奖励指令": [
					"/tellraw [player] {\"rawtext\":[{\"text\":\"§a§l今天是你在本服务器连续第 [连续签到] 天签到 (累计第 [累计签到] 天) ~\"}]}"
				],
				"当连续签到天数大于等于_时": 3,
				"当连续签到天数小于等于_时": 6,
				"规则描述": "连续大于等于三天小于七天时"
			},
			{
				"当今天是周_时": 6,
				"当符合上述所有不为零的规则时执的奖励指令": [
					"/tellraw [player] {\"rawtext\":[{\"text\":\"§a§l今天是你在本服务器连续第 [连续签到] 天签到 (累计第 [累计签到] 天) ~\"}]}",
					"/tellraw [player] {\"rawtext\":[{\"text\":\"§a§l这个奖励只会在周六发放，感谢你的支持 ~\"}]}"
				],
				"当连续签到天数大于等于_时": 7,
				"规则描述": "连续大于等于七天且为周六时"
			}
		],
		"菜单提示": "进行每日签到",
		"触发词": [
			"签到",
			"每日签到"
		]
	}
}
