{
	"名称": "OP权限模拟",
	"描述": "允许一部分玩家能够使用 tp (omg tp)， give （omg）give 等 OP 才能使用的命令",
	"是否禁用": true,
	"版本": "0.0.1",
	"来源": "Built-In",
	"配置": {
		"授权文件": {
			"*": {
				"give": [
					"execute [player] ~~~ give @s stone 64"
				],
				"kill": [
					"kill [player]"
				],
				"tp": [
					"tell [player] 实际指令为: tp @s [args]",
					"execute [player] ~~~ tp @s [args]"
				]
			},
			"2401PT": {
				"give": [
					"tell [player] actionbar 激活伪 give 指令，但是限制为只能给自己东西",
					"tell [player] 实际指令为: give @s [args]",
					"execute [player] ~~~ give @s [args]"
				],
				"tp": [
					"tell [player] actionbar 激活伪完整 tp 指令，注意和第15行的区别",
					"tell [player] 实际指令为: tp [args]",
					"execute [player] ~~~ tp [args]"
				]
			}
		}
	}
}
