{
	"名称": "简单自定义指令",
	"描述": "添加一个菜单项，被玩家激活时启用指定的指令",
	"是否禁用": true,
	"版本": "0.0.1",
	"来源": "Built-In",
	"配置": {
		"功能描述": "给指定数量的沙子(例子)   前往 omega_storage/配置/组件-简单自定义指令.json 配置",
		"参数描述": "[数量]",
		"总是触发": false,
		"触发时执行指令": [
			"give [player] sand [args]",
			"tell [player] 已经给你 [args] 个沙子了"
		],
		"触发词": [
			"give_sand"
		]
	}
}
