{
	"名称": "消除方块",
	"描述": "消除指定的方块",
	"是否禁用": true,
	"版本": "0.0.1",
	"来源": "Built-In",
	"配置": {
		"清除规则": {
			"movingBlock": {
				"处理指令": [
					"setblock [x] [y] [z] commandblock",
					"setblock [x] [y] [z] bedrock",
					"tell @a[m=c] 已移除 [x] [y] [z] 的movingBlock (可能误封)"
				]
			},
			"smithing_table": {
				"处理指令": [
					"setblock [x] [y] [z] sealantern",
					"tell @a[m=c] 已移除 [x] [y] [z] 的锻造台"
				]
			}
		}
	}
}
