{
	"名称": "计划任务",
	"描述": "每隔 [周期] 秒，就自动执行一次 [动作] 描述的指令",
	"是否禁用": true,
	"版本": "0.0.1",
	"来源": "Built-In",
	"配置": {
		"任务": "清扫掉落物",
		"动作": [
			{
				"执行后延迟": 9,
				"指令": "/tellraw @a {\"rawtext\":[{\"text\":\"10秒后清扫掉落物\"}]}"
			},
			{
				"执行后延迟": 1,
				"指令": "/tellraw @a {\"rawtext\":[{\"text\":\"1秒后清扫掉落物\"}]}"
			},
			{
				"执行后延迟": 1,
				"指令": "kill @e[type=item,name=\"\"]",
				"结果记录": "成功次数"
			},
			{
				"执行后延迟": 1,
				"指令": "/tellraw @a {\"rawtext\":[{\"text\":\"掉落物清扫完成\"}]}"
			},
			"say 前往 omega_storage/配置/组件-计划任务.json 配置"
		],
		"周期": 3600
	}
}
