{
	"名称": "自定义传送点",
	"描述": "允许玩家自定义传送点 * 代表公共传送点",
	"是否禁用": true,
	"版本": "0.0.1",
	"来源": "Built-In",
	"配置": {
		"保存存档点触发词": [
			"保存",
			"记忆",
			"save"
		],
		"列出存档点触发词": [
			"所有地点",
			"地点",
			"allpos"
		],
		"删除存档点触发词": [
			"移除",
			"remove"
		],
		"存档点记录文件名": "存档点.json",
		"条件选择器": "@a[name=[player],tag=!banTP]",
		"返回存档点触发词": [
			"前往",
			"加载",
			"回到",
			"回",
			"load"
		]
	}
}
