{
	"名称": "玩家信息",
	"描述": "玩家信息，注意可能存在违禁词  [tags] 表示所有 tag, [tag<op>] 表示是否有op这个tag [score<time>] 表示该玩家time计分板名",
	"是否禁用": true,
	"版本": "0.0.1",
	"来源": "Built-In",
	"配置": {
		"提示信息": "前往 omega_storage/配置/组件-玩家信息.json 配置 显示有关我的信息",
		"显示信息模版": "[tag<op>], [tag<会长>], 在线:[score<time>] [tags]",
		"标签替换": {
			"op": [
				"管理员",
				"不是管理员"
			],
			"会长": [
				"是会长",
				"不是会长"
			],
			"某个tag": [
				"有该tag时显示",
				"无该tag时显示"
			]
		},
		"触发词": [
			"me",
			"我",
			"关于我"
		]
	}
}
