{
	"名称": "管理员检测",
	"描述": "检测是否是假管理",
	"是否禁用": true,
	"版本": "0.0.1",
	"来源": "Built-In",
	"配置": {
		"假管理反制": [
			"say  前往 omega_storage/配置/组件-管理员检测.json 配置",
			{
				"备注": "通告",
				"指令": "/tellraw @a {\"rawtext\":[{\"text\":\"发现假管理: [player]\"}]}"
			},
			{
				"备注": "通告",
				"指令": "/tellraw @a {\"rawtext\":[{\"text\":\"发现假管理: [uuid]\"}]}"
			},
			{
				"备注": "踢出",
				"指令": "kick [player]",
				"结果记录": "完整结果"
			}
		],
		"管理员改名记录文件": "OP记录.json",
		"管理员昵称": [
			"2401PT",
			"2402PT",
			"2403PT",
			"343GS",
			"机器人"
		]
	}
}
