{
	"名称": "刷怪笼检测",
	"描述": "检测机器人附件 320x320x256 格内是否有刷出不正常生物的刷怪笼",
	"是否禁用": true,
	"版本": "0.0.1",
	"来源": "Built-In",
	"配置": {
		"如果不包含以下关键词之一则清除": [],
		"如果包含以下关键词则清除": [
			"sleep",
			"vindicator",
			"evocation_illager",
			"cow",
			"pig",
			"dragon",
			"villager"
		],
		"违规刷怪笼反制": [
			{
				"备注": "记录附件玩家位置",
				"指令": "execute @a[x=[x],y=[y],z=[z],r=128] ~~~ tp @s ~~~",
				"结果记录": "完整结果",
				"身份": "Player"
			},
			{
				"备注": "清除刷怪笼",
				"指令": "setblock [x] [y] [z] bedrock",
				"结果记录": "完整结果"
			}
		]
	}
}
