{
	"名称": "封禁时间",
	"描述": "封禁玩家一段时间并由omega接管踢出和解封",
	"是否禁用": true,
	"版本": "0.0.1",
	"来源": "Built-In",
	"配置": {
		"Omega接管时指令": [
			"tellraw @a  {\"rawtext\":[{\"text\":\"§6[player] 将被封禁 [day]天[hour]时[min]分[sec]秒\"}]}",
			"scoreboard players set [player] 封禁时间 0"
		],
		"到达封禁时间Omega结束接管时指令": [
			"tellraw [player] {\"rawtext\":[{\"text\":\"§6你的封禁已经结束，下次请好好做人\"}]}"
		],
		"延迟踢出时间": 5,
		"文件名": "封禁时间记录.json",
		"检查周期": 3,
		"登录时延迟发送": 20,
		"读取封禁时间的计分板名": "封禁时间",
		"踢出指令": [
			"kick [player] 你已被封禁 [day]天[hour]时[min]分[sec]秒"
		],
		"选择器": "@a[scores={封禁时间=1..}]"
	}
}
