{
	"名称": "玩家互传",
	"描述": "玩家互传",
	"是否禁用": true,
	"版本": "0.0.1",
	"来源": "Built-In",
	"配置": {
		"传送指令": "tp @a[name=[src],tag=!banTP] @a[name=[dst],tag=!banTP]",
		"没有对应玩家时提示": "§4§l没有找到你说的玩家，可选的玩家如下:",
		"没有指定玩家时提示": "§6§l玩家互传需要指定目标玩家，打算传送到谁那里去呢?",
		"目标玩家忙碌时提示": "§a§l对方正在忙碌，请稍后再尝试请求",
		"目标玩家拒绝时提示": "§4§l对方[dst]拒绝了你的请求",
		"触发词": [
			"传送",
			"传送到",
			"tpa"
		],
		"询问是否同意传送": "§6§l[src]希望传送到你这里，是否同意?",
		"请求冷却时间": 60,
		"请求发送时提示": "§a§l已将传送请求发送给[dst]了",
		"请求过于频繁时提示": "§a§l你请求的太频繁了，请一分钟之后再试"
	}
}
