{
	"名称": "菜单显示",
	"描述": "显示菜单",
	"是否禁用": true,
	"版本": "0.0.1",
	"来源": "Core",
	"配置": {
		"后台菜单触发词": [
			"已禁用"
		],
		"在遇到未知指令时打开菜单": false,
		"多个触发词的菜单显示格式": "[i]:输入 §l§6[systemTrigger] [defaultTrigger] [argumentHint] §f§r以 [usage] (或者[systemTrigger] [allTriggers])",
		"悄悄话菜单提示": "§f可以使用 /w @a[tag=omg] 来秘密通信，比如 /w @a[tag=omg] ?",
		"无法理解指令时提示": "",
		"机器人标签": "omg",
		"游戏菜单触发词": [
			"已禁用"
		],
		"目录结构": [
		],
		"菜单打开后是否继续询问操作": false,
		"菜单显示格式": "",
		"菜单末尾": "",
		"菜单标题": ""
	}
}
