{
	"名称": "群服互通",
	"描述": "群服互通 游戏内可以看到Q群聊天，Q群也能看到服务器聊天",
	"是否禁用": true,
	"版本": "0.0.1",
	"来源": "Built-In",
	"配置": {
		"CQHTTP正向Websocket代理地址": "127.0.0.1:6700",
		"Q群消息格式化模版": "[groupName]:[QQUserName]:[msg]",
		"不要转发机器人的消息": true,
		"仅仅转发开头为以下特定字符的消息到QQ": "",
		"仅仅转发开头为以下特定字符的消息到服务器": "",
		"允许这些人透过QQ执行伪命令": {
			"1634268014": {
				"不开心一下": [
					"scoreboard players remove @a coin [args]",
					"say 每人倒扣 [args] 金币！"
				],
				"开心一下": [
					"scoreboard players add @a coin [args]",
					"say 每人白给 [args] 金币！"
				]
			},
			"23333333333": {
				"传送": [
					"tp [args]"
				]
			}
		},
		"允许这些人透过QQ执行命令": {
			"1634268014": true,
			"1634268015": true,
			"1634268016": true
		},
		"只转发聊天消息": true,
		"屏蔽其他群的消息": false,
		"屏蔽这些指令": {
			"deop": "达咩，不要啦~~~",
			"kill": "nonono",
			"spreadplayer": "呜呜呜"
		},
		"游戏内可以听到QQ消息的玩家的选择器": "@a",
		"游戏消息格式化模版": "[player]: [msg]",
		"链接的Q群": {
			"CMA": 958915720
		}
	}
}
