{
	"名称": "返回主城",
	"描述": "返回主城",
	"是否禁用": true,
	"版本": "0.0.1",
	"来源": "Built-In",
	"配置": {
		"世界锚点": "tp [player] [bot]",
		"主城锚点": "tp [player] 0 252 0",
		"回城前执行": [
			{
				"指令": "/tellraw [player] {\"rawtext\":[{\"text\":\"准备回城\"}]}",
				"结果记录": "无"
			},
			{
				"指令": "/tellraw [player] {\"rawtext\":[{\"text\":\"传送开始\"}]}",
				"结果记录": "无"
			}
		],
		"触发词": [
			"回城",
			"main"
		]
	}
}
